{
    "Accuracy": 0.8035714285714286,
    "Precision": 0.8,
    "Recall": 0.7346938775510204,
    "F1-Score": 0.7659574468085106,
    "ROC-AUC": 0.8780189324407012
}
